question_id,question,gold_answer,best_passage_title,best_passage_gain_PPL_CD,best_passage_is_supporting
5ab3e07e55429969a97a81e5,"In the 1962 German Grand Prix, a racer came second. What did this racer found?",Surtees Racing Organisation team,John Surtees,2.276,True
5ab3f6b9554299753aec5a03,How many films were directed by the director of Wise Blood?,37,John Huston,1.0,True
5ab40e1c5542996a3a969f00,"Lawerence Turman had produced a film, with a character named ""Johnny 5"" that had a follow up sequel released in what year?",1988,Short Circuit 2,1.033,False
5ab414295542996a3a969f1d,What career led Brandon James Routh to move to the city where Brian Ralston lives?,an acting career,Brian Ralston,370.026,True
5ab42d5755429942dd415eaf,"""Lost!"" is a song by a British rock band formed in what year?",1996,Coldplay,1.0,True
5ab430f655429942dd415eca,"""The Chance of a Lunchtime"" is an episode of a BBC sitcom writtem by who?",John Sullivan,Only Fools and Horses,1.0,True
5ab4341c55429942dd415ede,The Shōgitai were an elite corps of which shogunate?,Tokugawa shogunate,List of Hyakka Ryōran Samurai Girls episodes,1.429,False
5ab442645542991751b4d70c,What type of the district is the Downtown Bentonville of the state in the southeastern region of the United States which is home to over 3 million people as of 2017?,business district,Downtown Bentonville,265.611,True
5ab467975542991751b4d75f,"When was the duo formed who's English language song is the ""Freaky Like Me""?",1992,Madcon,1.701,True
5ab4da5b55429942dd415f96,Are Floor Jansen and John McCrea from the same band?,no,Floor Jansen,304065.981,True
5ab504865542991779162d52,What term is the current chairman of Prince William County serving?,fourth term,Corey Stewart (politician),29.492,True
5ab521575542996a3a96a02e,Is Xingcheng or Ulan Hot located in the Inner Mongolia region of China?,Ulanhot,Ulan Hot,1.04,True
5ab529965542990594ba9d1e,Which casino closed first The Atlantic Club Casino Hotel or Trump Plaza Hotel and Casino ? ,The Atlantic Club Casino Hotel,The Atlantic Club Casino Hotel,1.035,True
5ab5744e554299494045efdf,The third solo album by David Gates of Bread shares a name with a 1977 film directed by who?,Herbert Ross,The Goodbye Girl,1.0,True
5ab576c4554299637185c5a4,TMNT is a single-player action-adventure multi-platform action game based on a film which was the final film role for who?,Mako,TMNT (film),1.0,True
5ab59ffe5542997d4ad1f193,"Wind was directed by which American actress born on March 26, 1960?",Jennifer Grey,Jennifer Grey,1.936,True
5ab5dcb95542992aa134a3b3,Are Toshi and Warrel Dane both in the band Sanctuary?,no,Into the Mirror Live,222459.424,False
5ab5fddb554299110f2199af,Where was one of Sergei Prokofiev's most well-known operas first performed in 1921?,"Chicago, Illinois",The Love for Three Oranges,2.214,True
5ab67772554299110f219a12,What type of media does J. T. Petty and Outlast have in common?,video game,Outlast,21.636,True
5ab6ba045542995eadef007e,"Dorian Gray is the main character of what philosophical novel whose editor feared the story was indecent, and deleted roughly five hundred words before publication?",The Picture of Dorian Gray,Dorian Gray (character),1.006,False
5ab6cd0e554299710c8d1f68,What are a Uruguayan professional footballer and Luz Pfannenstiel are best known as?,the best known globetrotters,Cristian Jeandet,8.597,True
5ab6e6c7554299710c8d1fa4,"What team had Tony Roberts replaced by an American sportscaster from Buffalo, New York when he retired?",Notre Dame Fighting Irish football,Don Criqui,2.211,True
5ab6f0c25542995eadef00ea,Are Buried Country and South of the Border both films turned into stage performances?,no,Woody Guthrie Folk Festival,826537.031,False
5ab74eb85542993667793fb8,Which Croatian professional basketball player (a shooting guard) did New Jersey Nets acquire during their 1990–91 season?,Dražen Petrović,1990–91 New Jersey Nets season,1.0,True
5ab7ccf455429928e1fe3910,What was the 2010 population of the town where Lake George Avenue Historic District is located?,"5,042","Ticonderoga, New York",1.017,True
5ab7ef0f5542991d322237ca,Chandgi Ram won a gold medal in 1970 in a continental multi-sport event held at which city ?,Bangkok,1970 Asian Games,1.0,True
5ab7f7465542993667794071,What type of engine powered both the Saab 36 and the Avro Vulcan?,British Bristol Olympus turbojet,Saab 36,3.32,True
5ab8338155429919ba4e2260,"What is the name of a member of the North Melbourne Football Club, whose brother Rob has starred in Bridgetowns Cricket Clubs Premiership in 2016/7?",Mark Andrew Brayshaw,Mark Brayshaw,2.576,True
5ab84de95542990e739ec8b4,Yau Ma Tei North is a district of a city with how many citizens?,7.2 million,Hong Kong,1.847,True
5ab864945542990e739ec8e1,Substorm was described in qualitative terms by a scientist nominated for what seven times?,Nobel Prize,Kristian Birkeland,5.661,True
5ab865235542992aa3b8c8db, Lucas da Silva Carvalho was an unused reserve runner for a Brazilian athletics track event which at top class events is run in lanes for the first what?,500 metres,4 × 400 metres relay,7.117,True
5ab8829d55429934fafe6e08,The View from the Bottom is the fifth studio album by an American rock band best known for what hit song?,My Own Worst Enemy,Lit (band),8.639,True
5ab8f3235542991b5579f084,What number president was Annie Caputo nominated by to become a member of the Nuclear Regulatory Commission?,45th,David A. Wright,2.778,False
5ab91ef3554299753720f708,"Gene Sculatti write for CREEM sometime in the 60s or 70s, what famous term did CREEM coin for describing a genre of rock?","""punk rock",Punk (magazine),5.197,False
5ab93781554299131ca422c7,Which star in the Maltese Bippy died in 1987?,Dan Rowan,Dan Rowan,1.0,True
5ab9405c554299743d22ea7c,In what city did the 1959 William & Mary Indians football team lose against the #13 Naval Academy?,"Annapolis, Maryland",Navy–Marine Corps Memorial Stadium,1.248,True
5ab9788155429970cfb8eb1a,What year did the CEO of Tata Consultancy Services takeover as Chairman?,2017,Tata Sons,1.0,True
5ab981555542996be2020532,Is Bob Hewitt a citizen of a different country than Ray Ruffels?,yes,1978 Australian Open – Men's Doubles,92734.885,False
5ab9bb8355429970cfb8eb8b,"At what school is the individual who was awarded the 2012 Nobel Prize in Physics, jointly with David J. Wineland, a professor?",Collège de France,Serge Haroche,1.0,True
5aba510f5542994dbf0198d6,Yakuza Kiwami is a remake of the first video game in what video game series that is an open world action-adventure beat 'em up video game franchise?,Yakuza,Cartoon Network: Battle Crashers,1.001,False
5aba55f25542994dbf0198e0,"Which space mission did the man, in which the Onizuka Prop Wash Award is named after, perish?",STS-51-L,Ellison Onizuka,1.0,True
5aba7cfe554299232ef4a2fd,The 2017–18 Wigan Athletic F.C. season will be a year in which the team competes in the league cup known as what for sponsorship reasons?,Carabao Cup,2007–08 Wigan Athletic F.C. season,1.029,False
5aba7e2c55429955dce3ee5a,Did Lewis Allen or Danny DeVito play Louie De Palma?,"Daniel Michael DeVito, Jr.",Danny DeVito,30.572,True
5aba943c554299232ef4a33e,Are Florida Atlantic University and Cleveland State University both colleges in the US?,yes,2010 Florida Atlantic Owls football team,111859.623,False
5abaa32655429955dce3eeaa,James Conlon directed the oldest outdoor Music Festival that is located and what state?,Illinois,Ravinia Festival,18.291,True
5abae4995542996606241666,Did both  Slaughter-House Cases and United States v. Darby Lumber Co. involve civil rights law?,no,Freedom of movement under United States law,344551.896,False
5abb03325542992ccd8e7eae,The magazine that nominated George Rainsford for their Best Actor award in 2017 comes out every week on what day of the week?,Tuesday,TV Choice,1.002,True
5abb11c15542992ccd8e7ef8,Selena Quintanilla-Pérez's assistant and head of her fan club will be eligible for parole on what date?,"March 30, 2025",Yolanda Saldívar,1.0,True
5abb8ebe5542993f40c73b2d,What British made dance competition television series franchise did Claudia Albertario appear on?,"""Dancing on Ice"" around the world",Claudia Albertario,1.9,True
5abb9ad4554299642a094abe,Which terrorist group was the cause of the battle in which Mark E. Michell won an award for his actions?,al-Qaeda,Battle of Qala-i-Jangi,1.333,True
5abbc58455429931dba14502,Stephen susco wrote a movie produced by which american film actor?,Sam Raimi,The Grudge 2,1.0,True
5abbd3b4554299642a094b4f,What sort of dog did the same man who cared for the living gift that Martin Bormann gave Hitler have?,dachshund,Fritz Tornow,4.624,True
5abbf8be554299114383a0c1,"The 1996 film ""The Christmas Tree"" stars Andrew McCarthy and an actress that has won how any Emmy Awards?",three,Weekend at Bernie's,1546.501,False
5abc0a5d5542993f40c73c64,Are Freakonomics and In the Realm of the Hackers both American documentaries?,no,Psycho Realm,236806.824,False
5abc219655429959677d6a1d,Which comic book was also written by the writer of Crossed?,"the Vertigo series ""Preacher""",Garth Ennis,59.636,True
5abc23c45542993a06baf896,"Which region of Austria means 'Estate of the Salt Chamber' and covers the village of Obertraun, a popular destination for skiing and snowboarding in the winter?",Salzkammergut,Obertraun,1.001,True
5abc36cc55429959677d6a50,Were both Life magazine and Strictly Slots magazine published monthly in 1998?,yes,Frank Legato,3584912846.132,False
5abc3d505542993a06baf8a7,"Which is founded by a president, University of Washington or University of Virginia?",University of Virginia,Jefferson Memorial,1.001,False
5abc6c2655429959677d6aac,In which county does the United States Navy air base located in which  Attack Squadron 174 (VA-174) was based on?,Duval County,Naval Air Station Cecil Field,1.015,True
5abc6d14554299700f9d78bf,What type of building does Jim Bartels and ʻIolani Palace have in common?,museum,Jim Bartels,4616.998,True
5abcffc2554299700f9d7951,"What is the name of the company in Independent Hill, Virginia that is also headquartered in Houston Texas?",Citgo,"Independent Hill, Virginia",1.001,True
5abd04bd5542992ac4f381a9,When did an IndyCar race driver drive a Formula 1 car designed by Peter McCool?,2007 Formula One season,Super Aguri SA07,56.913,True
5abd077055429965836004f4,Who created and mostly wrote the show that Idris Akuna Elba played Stringer Bell in?,David Simon,The Wire,1.0,True
5abd09585542996e802b469b,What year did the musical premiere that was based on the 2007 Irish romantic musical film of the same name?,2011,Once (musical),1.0,True
5abd0d635542992ac4f381b8,How many days did it take the Best New Artist of 2009 to sell 2 million copies of an album in the UK and break a twenty year old record?,29,Robson &amp; Jerome (album),1.006,True
5abd56355542993062266c58,What singer who sang in church during her childhood did Stacy Barthe pen album tracks for?,Katy Perry,Katy Perry,1.0,True
5abd648155429933744ab7ac,Who was the chief executive officer of the second largest US car rental company by sales?,Robert L. Stone,Robert L. Stone,1.002,True
5abd68d655429933744ab7c0,Were Dee Dee Ramone and Ben Weasel ever in the same band?,no,Dee Dee Ramone I.C.L.C.,143630.599,False
5abd6db755429933744ab7d0,"What was the nationality of the author of ""The Sunlight on the Garden""?",Irish,Louis MacNeice,1.001,True
5abd889f55429924427fd046,What number installment of the Ghost School and Ghost School Horror was the film Voice?,4,Voice (film),21.049,True
5abe34095542993f32c2a088,"How long did The Shire of Flinders, which encompassed the extremity of the Mornington Peninsula located south-east of Melbourne, Australia, exist?",1874 until 1994,Shire of Flinders (Victoria),9.196,True
5abe36745542991f66106101,"What was the arena, in which the 2017 Brit Awards were held, called during the 2012 Olympics ?",North Greenwich Arena,The O2 Arena,1.074,True
5abe48675542991f66106119,A man who played in the 1986 FIFA world cup played for what team during the 1982 Scottish League Cup Final?,Celtic,Charlie Nicholas,1.486,True
5abe7f695542993f32c2a12d,What is the focus of the movie in which Nolan North played the role of Superboy?,focus on young superheroes,Young Justice (TV series),29.656,True
5abe92de5542993f32c2a16b,Which feature does the G-shock watch have that is tested by a leakage test?,water resistance,G-Shock,51.29,True
5abea85f5542990832d3a070,Timothy J. Sloan was the CEO of Wells Fargo who succeeded the CEO who took the job in what month?,June 2007,John Stumpf,1.141,True
5abeab375542990832d3a091,The 1978 NBA World Championship Series had as MVP which Hall of Fame class member of 1988?,Westley Sissel Unseld,Wes Unseld,1.411,True
5abeebe25542993fe9a41d9c, Season of Migration to the North  is a counter narrative to a novella by what Polish-British novelist?,Joseph Conrad,Heart of Darkness,1.33,True
5abefbc15542990832d3a117,"Michael Lent is best known as the co-writer of the memoirs of Hugh Rowland, a star on a reality television series that premiered on what date?","June 17, 2007",Ice Road Truckers,1.0,True
5abf11d45542997719eab660,Driven To Perform has a sponsor that includes the electronics store chain from what country?,Canada,Future Shop,1.001,True
5abf16965542993fe9a41dd3," Hamilton Evans ""Tony"" James is the COO and director of the largest alternative investment firm in what?",the world,The Blackstone Group,64.019,True
5abf1e825542997ec76fd3cb,In which year did Baek Bong-ki appear in the South Korean drama film set in a high school?,2004,Baek Bong-ki,1.0,True
5abf30185542990832d3a13f, Lou Cutell appeared on the third episode of the ninth season of an CBS sitcom that was what number episode overall?,187th,Last Time in New York,1.003,True
5abf42f75542993fe9a41dee,which plant has the highest specie  Panicum or Populus ,Panicum,Panicum,1.002,True
5abf64265542997ec76fd3eb,Dance and Laugh Amongst the Rotten is a studio Album by a band from which country ?,the Netherlands,Carach Angren,41.864,True
5abf8cc35542990832d3a14e,"when was the retired Jamaican sprinter which Richard Thompson is, 0.99 seconds slower than born ?",born 21 August 1986,Richard Thompson (sprinter),6.709,True
5abf931f5542990832d3a158,"When was the movie adaption of Jennifer Weiner's novel ""In Her Shoes"" released?",2005,In Her Shoes (novel),1.004,False
5abfa5fb5542990832d3a183,"Where is the  city and ""comune"" in Emilia-Romagna in which talian Renaissance painter ;Ludovico Mazzolino located ","northern Italy,",Giovanni Ambrogio de Predis,252.521,False
5abffdec554299012d1db55d,"Which client of Lindka Cierach played Queen Elizabeth II in ""The Queen""?",Helen Mirren,Lindka Cierach,1.0,True
5ac007cc5542996f0d89cb0b,Who was attempting to regain the British throne until the Raids on Lachaber and Shiramore shut down his operations?,Charles Edward Stuart,Jacobite rising of 1745,1.001,True
5ac072ef554299294b218fe4,What country of origin does Jerry Barrett and Florence Nightingale have in common?,English,Jerry Barrett,63.832,True
5ac0d732554299294b219030,The Lang Labor Party was the group that aligned with the policies of the government that followed what system?,Westminster,Premier of New South Wales,1.01,True
5ac10c5e554299294b219074,"What state is home to the Lake Wobegon Trails and the recording location for the live radio show ""A Prairie Home Companion""?",Minnesota,Tom Keith,1.0,False
5ac11201554299294b21908c,What county is Ron Teachworth from?,Oakland County,Ron Teachworth,1.032,True
5ac173d85542994d76dcce37,"Toby Scott worked with which American singer born on May 24, 1941?",Bob Dylan,Bob Dylan,1.0,True
5ac176555542994d76dcce47,What profession does H. L. Mencken and Albert Camus have in common?,journalist,The Fall (Camus novel),175.729,False
5ac1b1345542994ab5c67dd0,Sinch when has the rank held by Sir Charles Comyn Egertong been the highest in the British Army?  ,1736,Field marshal (United Kingdom),1.0,True
5ac1bff05542994ab5c67dfc,Who was the eldest brother of the Mexican drug trafficker born 12 March 1952?,Francisco Rafael Arellano Félix,Benjamín Arellano Félix,2.112,True
5ac1c9a15542994ab5c67e1c,What is the population of the city in which the first edition of the South American Youth Olympic Games were held?,more than 10 million,Lima,8.693,True
5ac264195542992f1f2b38a5,Which song that John Kirby scored  is often the final piece of music played during an evening of revelry?,"""Loch Lomond""",John Kirby (musician),2.255,True
5ac29da5554299218029dac3,Which band My Darkest Days or Human Drama had only one constant member?,Human Drama,Human Drama,1.003,True
5ac2a288554299657fa28ff5,What Nickelodeon movie stars the actress and YouTuber who appeared alongside Jon Voight in the 2016 film American Wrestler:The Wizard?,Terry the Tomboy,Lia Marie Johnson,1.067,True
5ac2bcf55542990b17b1546e,"In 2009 the OCA announced major changes to it event lists, and in what city did this multi-sport event take place?","New Delhi, India",1951 Asian Games,1.114,True
5ac2f79e5542996773102661, Chun Woo-hee's notable films include a South Korean horror film about  a policeman who investigates a series of mysterious killings and what?,illnesses,The Wailing (film),1.001,True
5ac3090d5542990b17b154fc,"Operalia, The World Opera Competition helped launch the career of an operatic soprano of what nationality?",Bulgarian,Sonya Yoncheva,1.0,True
5ac322c95542995ef918c117,"Which magazine had more previous names, Watercolor Artist or The General?",The General,The General (magazine),1.0,True
5ac38ce255429939154137c2,What do a Flaming beverage and a Gin and tonic have in common?,cocktails,Flaming beverage,3063.593,True
5ac39f7b554299218029dbe7,Robert Earl Holding owned an oil company that was originally founded by who?,Harry F. Sinclair,Sinclair Oil Corporation,1.0,True
5ac3ae885542995ef918c1e7,"Church of All Saints, Doddinghurst is part of the state church led by which person?",Archbishop of Canterbury,Church of England,2.74,True
5ac3ce74554299204fd21e71,How many episodes were in the original run of the HBO show that Kristin Davis played the character Charlotte York Goldenblatt?,94,Sex and the City,1.0,True
5ac3f1c9554299204fd21ed4,"""Lesbian Request Denied"" is the third episode of the first season of a series created by who?",Jenji Kohan,Orange Is the New Black,1.0,True
5ac41ca75542991943173919,How large of the area is the nature reserve south of Seacroft Esplanade?,4.3 km2,Gibraltar Point,1.078,True
5ac42f42554299076e296d88,Who starred in My Dog Skip and Malcolm in the Middle?,Frankie Muniz,Willie Morris,1.003,False
5ac4392e5542997ea680ca32,Were Enrique Carreras and Lionel Ngakane both filmakers during the 20th century? ,yes,Lionel Ngakane,46630.028,True
5ac45b23554299204fd21f31,"The 1994 ""The Shadow"" co-stars Lone, Penelope Ann Miller, Peter Boyle, Jonathan Winters, Tim Curry and an actor that has received how many Emmy Award nominations?",five,The Relic (film),1865.436,False
5ac4920d5542996feb3fe8d3,"When was the designer of the Disneyland attraction with variants in California, France, Hong Kong, Tokyo, and the Tomorrowland Speedway born?","born October 25, 1931",Bob Gurr,8.922,True
5ac4a7615542996feb3fe92a,"Dulce Maria García Rivas took part in a ""Mask vs. Hair"" match with which female wrestler at Guerra de Titanes?",Faby Apache,Guerra de Titanes (2009),1.839,True
5ac4f42b55429924173fb50d,"Which beverage is ignited prior to consumption, Flaming beverage or Blue Hawaii",Flaming beverages,Till mitt eget Blue Hawaii,11.724,False
5ac5188255429924173fb5a3,About how many people are employed by the company founded by Denise Coates?,"3,000",Bet365,3.545,True
5ac532335542994611c8b41c,Howard Van Doren Shaw was the designer of which 1917 Progressive Era community? ,Marktown,Howard Van Doren Shaw,1.0,True
5ac5461d5542993e66e82296,Who portrays Rachel Zane on the American legal comedy-drama that airs on USA Network?,Rachel Meghan Markle,Meghan Markle,6.126,True
5ac546975542993e66e8229a,"What year was the early consumer co-operative, in which a 2012 British biographical feature film tells the story of, formed?",1844,The Rochdale Pioneers,1.0,True
5adbd1d25542994650320bf6,What is the current job of the former partner in ice skating of Vladimir Fedorov?,She currently works as a coach and choreographer,Anjelika Krylova,8.337,True
